date,factor,ic
2023-10-31,value_z,-0.17142857142857143
2023-10-31,momentum_z,0.44789915966386556
2023-10-31,quality_z,0.07591036414565827
2023-10-31,low_vol_z,-0.5691876750700281
2023-10-31,composite,-0.1204481792717087
2023-11-30,value_z,-0.44817927170868344
2023-11-30,momentum_z,0.15658263305322132
2023-11-30,quality_z,-0.10784313725490198
2023-11-30,low_vol_z,-0.12464985994397759
2023-11-30,composite,-0.19103641456582635
2023-12-29,value_z,0.043697478991596636
2023-12-29,momentum_z,0.30952380952380953
2023-12-29,quality_z,0.39803921568627454
2023-12-29,low_vol_z,-0.02212885154061625
2023-12-29,composite,0.4406162464985995
2024-01-31,value_z,-0.32941176470588235
2024-01-31,momentum_z,0.396078431372549
2024-01-31,quality_z,0.008123249299719889
2024-01-31,low_vol_z,-0.12324929971988796
2024-01-31,composite,-0.03361344537815126
2024-02-29,value_z,0.2658263305322129
2024-02-29,momentum_z,-0.07955182072829133
2024-02-29,quality_z,-0.1173669467787115
2024-02-29,low_vol_z,-0.020168067226890758
2024-02-29,composite,-0.08207282913165267
2024-03-28,value_z,0.035574229691876756
2024-03-28,momentum_z,-0.3291316526610644
2024-03-28,quality_z,-0.2019607843137255
2024-03-28,low_vol_z,0.3005602240896359
2024-03-28,composite,-0.11792717086834735
2024-04-30,value_z,-0.057703081232493
2024-04-30,momentum_z,0.11624649859943978
2024-04-30,quality_z,0.051540616246498604
2024-04-30,low_vol_z,-0.17983193277310924
2024-04-30,composite,0.013445378151260503
2024-05-31,value_z,-0.21176470588235297
2024-05-31,momentum_z,0.10140056022408965
2024-05-31,quality_z,0.2938375350140056
2024-05-31,low_vol_z,-0.47927170868347335
2024-05-31,composite,-0.13053221288515407
2024-06-28,value_z,-0.05994397759103642
2024-06-28,momentum_z,-0.3887955182072829
2024-06-28,quality_z,-0.4557422969187675
2024-06-28,low_vol_z,0.18067226890756302
2024-06-28,composite,-0.2795518207282913
2024-07-31,value_z,-0.1834733893557423
2024-07-31,momentum_z,0.22100840336134459
2024-07-31,quality_z,0.17086834733893558
2024-07-31,low_vol_z,0.3103641456582633
2024-07-31,composite,0.048179271708683476
2024-08-30,value_z,-0.024089635854341738
2024-08-30,momentum_z,0.24481792717086837
2024-08-30,quality_z,-0.01680672268907563
2024-08-30,low_vol_z,-0.2408963585434174
2024-08-30,composite,-0.06526610644257703
2024-09-30,value_z,0.13445378151260504
2024-09-30,momentum_z,0.19215686274509805
2024-09-30,quality_z,0.24061624649859947
2024-09-30,low_vol_z,-0.055462184873949584
2024-09-30,composite,0.2658263305322129
2024-10-31,value_z,-0.04229691876750701
2024-10-31,momentum_z,0.2938375350140056
2024-10-31,quality_z,-0.23221288515406163
2024-10-31,low_vol_z,-0.1966386554621849
2024-10-31,composite,-0.1546218487394958
2024-11-29,value_z,-0.3509803921568628
2024-11-29,momentum_z,-0.03081232492997199
2024-11-29,quality_z,0.3775910364145659
2024-11-29,low_vol_z,-0.11008403361344538
2024-11-29,composite,0.15882352941176472
2024-12-31,value_z,0.02212885154061625
2024-12-31,momentum_z,0.5030812324929972
2024-12-31,quality_z,-0.09747899159663866
2024-12-31,low_vol_z,-0.06554621848739496
2024-12-31,composite,0.06302521008403361
2025-01-31,value_z,0.15910364145658265
2025-01-31,momentum_z,-0.14145658263305325
2025-01-31,quality_z,0.16946778711484592
2025-01-31,low_vol_z,0.565826330532213
2025-01-31,composite,0.5039215686274511
2025-02-28,value_z,0.12633053221288518
2025-02-28,momentum_z,-0.29103641456582635
2025-02-28,quality_z,-0.1915966386554622
2025-02-28,low_vol_z,0.42072829131652667
2025-02-28,composite,0.04509803921568628
2025-03-31,value_z,-0.3966386554621849
2025-03-31,momentum_z,0.48347338935574236
2025-03-31,quality_z,-0.032492997198879554
2025-03-31,low_vol_z,-0.3434173669467787
2025-03-31,composite,-0.06722689075630252
2025-04-30,value_z,-0.2016806722689076
2025-04-30,momentum_z,0.11960784313725492
2025-04-30,quality_z,0.021288515406162466
2025-04-30,low_vol_z,-0.4971988795518208
2025-04-30,composite,-0.2689075630252101
2025-05-30,value_z,0.24985994397759106
2025-05-30,momentum_z,-0.08935574229691878
2025-05-30,quality_z,0.024089635854341738
2025-05-30,low_vol_z,-0.4344537815126051
2025-05-30,composite,-0.20504201680672268
2025-06-30,value_z,-0.11624649859943978
2025-06-30,momentum_z,-0.12997198879551822
2025-06-30,quality_z,0.08179271708683473
2025-06-30,low_vol_z,-0.2647058823529412
2025-06-30,composite,-0.3008403361344538
2025-07-31,value_z,0.05714285714285715
2025-07-31,momentum_z,-0.5355742296918768
2025-07-31,quality_z,-0.2016806722689076
2025-07-31,low_vol_z,0.08879551820728293
2025-07-31,composite,-0.29747899159663865
2025-08-29,value_z,-0.23557422969187677
2025-08-29,momentum_z,0.18067226890756302
2025-08-29,quality_z,-0.14901960784313728
2025-08-29,low_vol_z,-0.31624649859943976
2025-08-29,composite,-0.2016806722689076
2025-09-30,value_z,-0.22661064425770308
2025-09-30,momentum_z,-0.0638655462184874
2025-09-30,quality_z,0.1532212885154062
2025-09-30,low_vol_z,-0.10364145658263306
2025-09-30,composite,-0.08431372549019608
2025-10-31,value_z,0.08123249299719888
2025-10-31,momentum_z,-0.10728291316526611
2025-10-31,quality_z,0.07114845938375351
2025-10-31,low_vol_z,0.29523809523809524
2025-10-31,composite,0.17675070028011206
2025-11-28,value_z,-0.06218487394957983
2025-11-28,momentum_z,-0.06330532212885154
2025-11-28,quality_z,-0.08991596638655462
2025-11-28,low_vol_z,-0.18851540616246498
2025-11-28,composite,-0.07198879551820728
2025-12-31,value_z,0.13837535014005603
2025-12-31,momentum_z,0.14229691876750702
2025-12-31,quality_z,-0.3966386554621849
2025-12-31,low_vol_z,0.25210084033613445
2025-12-31,composite,0.0876750700280112
2026-01-30,value_z,-0.08207282913165267
2026-01-30,momentum_z,-0.001680672268907563
2026-01-30,quality_z,-0.27142857142857146
2026-01-30,low_vol_z,0.42212885154061625
2026-01-30,composite,0.05238095238095238
2026-02-27,value_z,0.24425770308123254
2026-02-27,momentum_z,0.08039215686274512
2026-02-27,quality_z,0.0969187675070028
2026-02-27,low_vol_z,-0.013165266106442579
2026-02-27,composite,0.25322128851540615
2026-03-31,value_z,-0.2672268907563025
2026-03-31,momentum_z,0.2019607843137255
2026-03-31,quality_z,0.04789915966386555
2026-03-31,low_vol_z,-0.25910364145658266
2026-03-31,composite,-0.10644257703081232
2026-04-30,value_z,-0.24565826330532214
2026-04-30,momentum_z,0.05602240896358543
2026-04-30,quality_z,0.16946778711484592
2026-04-30,low_vol_z,-0.5280112044817927
2026-04-30,composite,-0.37142857142857144
2026-05-29,value_z,-0.41036414565826335
2026-05-29,momentum_z,0.3098039215686275
2026-05-29,quality_z,-0.3159663865546219
2026-05-29,low_vol_z,0.24425770308123254
2026-05-29,composite,-0.003361344537815126
2026-06-30,value_z,0.37647058823529417
2026-06-30,momentum_z,-0.2165266106442577
2026-06-30,quality_z,0.3238095238095238
2026-06-30,low_vol_z,0.3473389355742297
2026-06-30,composite,0.4591036414565826
2026-07-31,value_z,0.13893557422969188
2026-07-31,momentum_z,-0.3834733893557423
2026-07-31,quality_z,0.3397759103641457
2026-07-31,low_vol_z,-0.16666666666666669
2026-07-31,composite,-0.01904761904761905
2026-08-31,value_z,-0.3546218487394958
2026-08-31,momentum_z,0.3243697478991597
2026-08-31,quality_z,0.12240896358543418
2026-08-31,low_vol_z,-0.0484593837535014
2026-08-31,composite,0.1350140056022409
